issue,number,order,date,title,author,relurl
Issue 1 - February 2008,1,1,February 2008,Log of the Mustang Sally - Turner,Gil Williamson,./1issue1.htm
Issue 1 - February 2008,1,2,February 2008,Hector,Gil Williamson,./2issue1.htm
Issue 1 - February 2008,1,3,February 2008,Green Bullet ,Melanie Manner,./3issue1.htm
Issue 1 - February 2008,1,4,February 2008,Troubles With Word ,Matthew Kirshenblatt,./4issue1.htm
Issue 1 - February 2008,1,5,February 2008,The Remarkable Case of Davidson's Eyes,H G Wells,./5issue1.htm
Issue 1 - February 2008,1,6,February 2008,Streaming Video,Ian Thomas,./6issue1.htm
Issue 1 - February 2008,1,7,February 2008,A Sort of Editorial,The Editor,./7issue1.htm
Issue 1 - February 2008,1,8,February 2008,Charlotte Wang Knows Everythang,Chris Lites,./8issue1.htm
Issue 2 - April 2008,2,1,April 2008,Some Future Date ,Callum Graham ,./1issue2.htm
Issue 2 - April 2008,2,2,April 2008,Red Fever ,Peter Morrison ,./2issue2.htm
Issue 2 - April 2008,2,3,April 2008,"Eat, Monster Blue Bottle ",Belinda A. Taylor  ,./3issue2.htm
Issue 2 - April 2008,2,4,April 2008,The American Book of the Dead ,Chris Lites  ,./4issue2.htm
Issue 2 - April 2008,2,5,April 2008,Emigration,Liam Baldwin,./5issue2.htm
Issue 2 - April 2008,2,6,April 2008,Voyage to the Moon,Lucian (Loukianos) ,./6issue2.htm
Issue 2 - April 2008,2,7,April 2008,New Frankfurt,Grant McDonald Walker ,./7issue2.htm
Issue 2 - April 2008,2,8,April 2008,From The Editor,Gil Williamson ,./8issue2.htm
Issue 3 - June 2008,3,1,June 2008,Blazon,Matthew Kirshenblatt ,./1issue3.htm
Issue 3 - June 2008,3,2,June 2008,The 1002nd Night,Dick Burton ,./2issue3.htm
Issue 3 - June 2008,3,3,June 2008,The Summoning,Chris Penycate ,./3issue3.htm
Issue 3 - June 2008,3,4,June 2008,When Gretchen Met Sally ,Peter Morrison ,./4issue3.htm
Issue 3 - June 2008,3,5,June 2008,The Conquest of the Earth by the Moon,Washington Irving ,./5issue3.htm
Issue 3 - June 2008,3,6,June 2008,From The Editor,Gil Williamson ,./6issue3.htm
Issue 4 - 22 Nov 2008,4,1,22 Nov 2008,Hong Kong ,Grant McDonald Walker,./1issue4.htm
Issue 4 - 22 Nov 2008,4,2,22 Nov 2008,Central Casting,Chris Penycate,./2issue4.htm
Issue 4 - 22 Nov 2008,4,3,22 Nov 2008,Strong Emergence,Jonathan Joseph,./3issue4.htm
Issue 4 - 22 Nov 2008,4,4,22 Nov 2008,Survivor ,Peter Morrison,./4issue4.htm
Issue 4 - 22 Nov 2008,4,5,22 Nov 2008,By a Lily's Petal,Ian Thomas,./5issue4.htm
Issue 4 - 22 Nov 2008,4,6,22 Nov 2008,The Ingenious Patriot,Ambrose Bierce,./6issue4.htm
Issue 4 - 22 Nov 2008,4,7,22 Nov 2008,The Inevitable Editorial,Gil Williamson,./7issue4.htm
Issue 5 - May 2009,5,1,May 2009,No Survivor ,Peter Morrison,./1issue5.htm
Issue 5 - May 2009,5,2,May 2009,His Fly Undid Him,Matthew Kirshenblatt,./2issue5.htm
Issue 5 - May 2009,5,3,May 2009,The Extrusion Project,Grant McDonald Walker,./3issue5.htm
Issue 5 - May 2009,5,4,May 2009,The Enormous Gun,Damon Harkness,./4issue5.htm
Issue 5 - May 2009,5,5,May 2009,The Curse of Yig ,H.P.Lovecraft and Zealia Bishop,./5issue5.htm
Issue 5 - May 2009,5,6,May 2009,The Now-Traditional Brief Editorial,Gil Williamson,./6issue5.htm
Issue 6 - August 2009,6,1,August 2009,Neurofinancer ,Twilite Minotaur,./1issue6.htm
Issue 6 - August 2009,6,2,August 2009,The Tale of the Ten Teacups,Tom Davies,./2issue6.htm
Issue 6 - August 2009,6,3,August 2009,Warriston's Disease,Gil Williamson,./3issue6.htm
Issue 6 - August 2009,6,4,August 2009,The Skylark of Space,E.E. (Doc) Smith,./4issue6.htm
Issue 6 - August 2009,6,5,August 2009,A Rambling Editorial,Gil Williamson,./5issue6.htm
Issue 7 - September 2010,7,1,September 2010,Living on Reputation ,Alistair Bain,./1issue7.htm
Issue 7 - September 2010,7,2,September 2010,The Door with no Key,Gil Williamson,./2issue7.htm
Issue 7 - September 2010,7,3,September 2010,The Price of Youth,Moon Bhatt,./3issue7.htm
Issue 7 - September 2010,7,4,September 2010,Blood and Souls,Peter Morrison,./4issue7.htm
Issue 7 - September 2010,7,5,September 2010,From an Evening at the Cinema,Matthew Kirshenblatt,./5issue7.htm
Issue 7 - September 2010,7,6,September 2010,Ringside,Martin Clark,./6issue7.htm
Issue 7 - September 2010,7,7,September 2010,How Manuel Left the Mire,James Branch Cabell,./7issue7.htm
Issue 7 - September 2010,7,8,September 2010,An Entirely Self-serving Editorial,Gil Williamson,./8issue7.htm
Issue 8 - February 2011,8,1,February 2011,Editorial,Gil Williamson,./1issue8.htm
Issue 8 - February 2011,8,2,February 2011,Spawn,Les Sklaroff,./2issue8.htm
Issue 8 - February 2011,8,3,February 2011,The Great Divide,Martin Clark,./3issue8.htm
Issue 8 - February 2011,8,4,February 2011,<tt>Android 0-CLE5</tt>,Lester Linesmith,./4issue8.htm
Issue 8 - February 2011,8,5,February 2011,The Prophets Speak,Andrew Leon Hudson,./5issue8.htm
Issue 8 - February 2011,8,6,February 2011,Outpatients,Jonathan Joseph,./6issue8.htm
Issue 8 - February 2011,8,7,February 2011,Conspiracy Theory,Les Sklaroff,./7issue8.htm
Issue 9 - June 2011,9,1,June 2011,Editorial,Gil Williamson,./1issue9.htm
Issue 9 - June 2011,9,2,June 2011,Boffin,Les Sklaroff,./2issue9.htm
Issue 9 - June 2011,9,3,June 2011,Let Every Voice be Still,Martin Clark,./3issue9.htm
Issue 9 - June 2011,9,4,June 2011,Stop 17,Matthew Kirshenblatt,./4issue9.htm
Issue 9 - June 2011,9,5,June 2011,The Ghosts of Cloud City,Twilite Minotaur,./5issue9.htm
Issue 9 - June 2011,9,6,June 2011,Special Delivery,Gil Williamson,./6issue9.htm
Issue 9 - June 2011,9,7,June 2011,Postcards,Annabel Banks,./7issue9.htm
Issue 9 - June 2011,9,8,June 2011,Fiat Lux,Les Sklaroff,./8issue9.htm
Issue 10 - December 2011,10,1,December 2011,Editorial,Gil Williamson,./1issue10.htm
Issue 10 - December 2011,10,2,December 2011,A Preference for Cheese,Les Sklaroff,./2issue10.htm
Issue 10 - December 2011,10,3,December 2011,All Avenues Closed,Martin Clark,./3issue10.htm
Issue 10 - December 2011,10,4,December 2011,Oh Dreary Me,Matthew Kirshenblatt,./4issue10.htm
Issue 10 - December 2011,10,5,December 2011,Dietrich and the Baby,Tom Davies,./5issue10.htm
Issue 10 - December 2011,10,6,December 2011,Appropriate Technology,Gil Williamson,./6issue10.htm
Issue 10 - December 2011,10,7,December 2011,Flesh Doubt,Andrew Leon Hudson,./7issue10.htm
Issue 10 - December 2011,10,8,December 2011,Warped,Jonathan Joseph,./8issue10.htm
Issue 11 - December 2012,11,1,December 2012,Editorial,Gil Williamson,./1issue11.htm
Issue 11 - December 2012,11,2,December 2012,The Smile of Paeony 3rdfield,Les Sklaroff,./2issue11.htm
Issue 11 - December 2012,11,3,December 2012,Dundro Fappit's Mistake,Les Sklaroff,./3issue11.htm
Issue 11 - December 2012,11,4,December 2012,Something Quirky,Les Sklaroff,./4issue11.htm
Issue 11 - December 2012,11,5,December 2012,Hoolocks and Hellions,Les Sklaroff,./5issue11.htm
Issue 11 - December 2012,11,6,December 2012,Foroquont's Maze,Les Sklaroff,./6issue11.htm
Issue 11 - December 2012,11,7,December 2012,Mindbleed,Andrew Leon Hudson,./7issue11.htm
Issue 11 - December 2012,11,8,December 2012,Sailing to Tarshish,Martin Clark,./8issue11.htm
Issue 11 - December 2012,11,9,December 2012,Unclear Conscience,Martin Clark,./9issue11.htm
Issue 11 - December 2012,11,10,December 2012,The Tale of God's Flotsam,Tom Davies,./10issue11.htm
Issue 11 - December 2012,11,11,December 2012,Ghosts and Aliens,John A. Frochio,./11issue11.htm
Issue 11 - December 2012,11,12,December 2012,Beyond the Sky,Liam Baldwin,./12issue11.htm
Issue 11 - December 2012,11,13,December 2012,A Natural Selection,Matthew Kirshenblatt,./13issue11.htm
Issue 12 - March 2013,12,1,March 2013,Quality Put to the Vote,Gil Williamson,./1issue12.htm
Issue 12 - March 2013,12,2,March 2013,Starbat,Les Sklaroff,./2issue12.htm
Issue 12 - March 2013,12,3,March 2013,The Temple of the Inevitable,Peter Morrison,./3issue12.htm
Issue 12 - March 2013,12,4,March 2013,An Acquisition,Les Sklaroff,./4issue12.htm
Issue 12 - March 2013,12,5,March 2013,I Am What I Am Not,Tom Sheehan,./5issue12.htm
Issue 12 - March 2013,12,6,March 2013,Famous Ashfordians no.1 - James Goodacre,Tom Davies,./6issue12.htm
Issue 12 - March 2013,12,7,March 2013,Quintet for One,Martin Clark,./7issue12.htm
Issue 12 - March 2013,12,8,March 2013,Tear Drops,Andrew Leon Hudson,./8issue12.htm
Issue 12 - March 2013,12,9,March 2013,Terminus Machina : Bailout,Twilite Minotaur,./9issue12.htm
Issue 12 - March 2013,12,10,March 2013,Not Who We Are,Martin Clark,./10issue12.htm
Issue 12 - March 2013,12,11,March 2013,Day Trip,Gil Williamson,./11issue12.htm
Issue 13 - August 2013,13,1,August 2013,Editorial,Gil Williamson,./1issue13.htm
Issue 13 - August 2013,13,2,August 2013,Lies &amp; Other Essentials,Martin Clark,./2issue13.htm
Issue 13 - August 2013,13,3,August 2013,Smolehive's Anakalyptoscope,Les Sklaroff,./3issue13.htm
Issue 13 - August 2013,13,4,August 2013,The Tale of the Bone Janitor,Tom Davies,./4issue13.htm
Issue 13 - August 2013,13,5,August 2013,To Serve,Matthew Kirshenblatt,./5issue13.htm
Issue 13 - August 2013,13,6,August 2013,Sibyl,Les Sklaroff,./6issue13.htm
Issue 13 - August 2013,13,7,August 2013,Famous Ashfordians no.2 - Samuel Ohms,Tom Davies,./7issue13.htm
Issue 13 - August 2013,13,8,August 2013,"Prutt's Game  by Thyles Dudoriac.   Fissile, Sprent & Co.",Don B Levitt,./8issue13.htm
Issue 13 - August 2013,13,9,August 2013,Famous Ashfordians No. 3 -  The Marvellous Marjoram Mouse,Tom Davies,./9issue13.htm
Issue 13 - August 2013,13,10,August 2013,Toyscape,John A. Frochio,./10issue13.htm
Issue 13 - August 2013,13,11,August 2013,A Room with a Vu,Martin Clark,./11issue13.htm
Issue 14 - March 2014,14,1,March 2014,Editorial,Gil Williamson,./1issue14.htm
Issue 14 - March 2014,14,2,March 2014,A Closer Look at Greeming & Trulph,Les Sklaroff,./2issue14.htm
Issue 14 - March 2014,14,3,March 2014,An Excursion to Platport,Les Sklaroff,./3issue14.htm
Issue 14 - March 2014,14,4,March 2014,Yesterday's Spoons,Les Sklaroff,./4issue14.htm
Issue 14 - March 2014,14,5,March 2014,The Lost World of WW1,Liam Baldwin,./5issue14.htm
Issue 14 - March 2014,14,6,March 2014,Mount Elysium,Gil Williamson,./6issue14.htm
Issue 14 - March 2014,14,7,March 2014,"First In, Last Out",Andrew Leon Hudson,./7issue14.htm
Issue 14 - March 2014,14,8,March 2014,Truth and Other Upgrades,Martin Clark,./8issue14.htm
Issue 14 - March 2014,14,9,March 2014,Aye-Nay,Jez Patterson,./9issue14.htm
Issue 15 - November 2014,15,1,November 2014,Editorial,Gil Williamson,./1issue15.htm
Issue 15 - November 2014,15,2,November 2014,Slippage,Les Sklaroff,./2issue15.htm
Issue 15 - November 2014,15,3,November 2014,Uneasy Money,Martin Clark,./3issue15.htm
Issue 15 - November 2014,15,4,November 2014,The Plains of Abyssinia,Sean Crawford,./4issue15.htm
Issue 15 - November 2014,15,5,November 2014,The Man with Bronze Hair,Les Sklaroff,./5issue15.htm
Issue 15 - November 2014,15,6,November 2014,The Log of the Mustang Sally - Tazio,Gil Williamson,./6issue15.htm
Issue 15 - November 2014,15,7,November 2014,Must Be in the Fifties,Andrew Leon Hudson,./7issue15.htm
Issue 15 - November 2014,15,8,November 2014,Adalet,Jez Patterson,./8issue15.htm
Issue 15 - November 2014,15,9,November 2014,A Day Like Any Other,Martin Clark,./9issue15.htm
Issue 16 - July 2015,16,1,July 2015,Editorial,Gil Williamson,./1issue16.htm
Issue 16 - July 2015,16,2,July 2015,Don Juans & Dragoons ,Andrew Leon Hudson,./2issue16.htm
Issue 16 - July 2015,16,3,July 2015,Thagdar the Immutable,Les Sklaroff,./3issue16.htm
Issue 16 - July 2015,16,4,July 2015,"A Messenger, Deceased",Martin Clark,./4issue16.htm
Issue 16 - July 2015,16,5,July 2015,Proto-J,Christian Miller,./5issue16.htm
Issue 16 - July 2015,16,6,July 2015,Border Incident,Gil Williamson,./6issue16.htm
Issue 16 - July 2015,16,7,July 2015,A Small Intrusion,Les Sklaroff,./7issue16.htm
Issue 16 - July 2015,16,8,July 2015,Playing Around with Arthur,Gil Williamson,./8issue16.htm
Issue 16 - July 2015,16,9,July 2015,Baker's Dozen,Martin Clark,./9issue16.htm
Issue 17 - February 2016,17,1,February 2016,Editorial,Gil Williamson,./1issue17.htm
Issue 17 - February 2016,17,2,February 2016,The Cospauper ,Christian Miller,./2issue17.htm
Issue 17 - February 2016,17,3,February 2016,Another Change of Plan,Les Sklaroff,./3issue17.htm
Issue 17 - February 2016,17,4,February 2016,Bodyfellas,Martin Clark,./4issue17.htm
Issue 17 - February 2016,17,5,February 2016,"Whistle, Hum, Parp",Jez Patterson,./5issue17.htm
Issue 17 - February 2016,17,6,February 2016,A Vacant Chair Beside the Hearth,John A. Frochio,./6issue17.htm
Issue 17 - February 2016,17,7,February 2016,Supply &amp; Demand,Martin Clark,./7issue17.htm
Issue 17 - February 2016,17,8,February 2016,Robot Rover,Jez Patterson,./8issue17.htm
Issue 17 - February 2016,17,9,February 2016,Magdalena and the Dragon,Peter Morrison,./9issue17.htm
Issue 17 - February 2016,17,10,February 2016,Diplomacy,Liam Baldwin,./10issue17.htm
Issue 17 - February 2016,17,11,February 2016,Iceweb - Interactive Fiction,Gil Williamson,./11issue17.htm
Issue 18 - August 2016,18,1,August 2016,Editorial,Gil Williamson,./1issue18.htm
Issue 18 - August 2016,18,2,August 2016,Helsinki,Gil Williamson,./2issue18.htm
Issue 18 - August 2016,18,3,August 2016,Sound &amp; Fury,Martin M. Clark,./3issue18.htm
Issue 18 - August 2016,18,4,August 2016,Farny's Place,Les Sklaroff,./4issue18.htm
Issue 18 - August 2016,18,5,August 2016,The Last Day of the Mute Ant,Jez Patterson,./5issue18.htm
Issue 18 - August 2016,18,6,August 2016,God Blinked,Martin M. Clark,./6issue18.htm
Issue 18 - August 2016,18,7,August 2016,Falling Back,Andrew Leon Hudson,./7issue18.htm
Issue 18 - August 2016,18,8,August 2016,Distant and Remote,Jez Patterson,./8issue18.htm
Issue 18 - August 2016,18,9,August 2016,Atacrast,Les Sklaroff,./9issue18.htm
Issue 18 - August 2016,18,10,August 2016,Madras Point,Martin M. Clark,./10issue18.htm
Issue 18 - August 2016,18,11,August 2016,A New World Order,John A. Frochio,./11issue18.htm
Issue 18 - August 2016,18,12,August 2016,Under the Martian Moonlight,Liam Baldwin,./12issue18.htm
Issue 19 - February 2017,19,1,February 2017,Editorial,Gil Williamson,./1issue19.htm
Issue 19 - February 2017,19,2,February 2017,Interlude in Green,Martin M. Clark,./2issue19.htm
Issue 19 - February 2017,19,3,February 2017,Timed Out,Jez Patterson,./3issue19.htm
Issue 19 - February 2017,19,4,February 2017,Reunion,Les Sklaroff,./4issue19.htm
Issue 19 - February 2017,19,5,February 2017,Grave Misfortune,Stephen Heuser,./5issue19.htm
Issue 19 - February 2017,19,6,February 2017,Ilysveil: You Can Only Observe,J. H. Zech,./6issue19.htm
Issue 19 - February 2017,19,7,February 2017,April the Last,Andrew Leon Hudson,./7issue19.htm
Issue 19 - February 2017,19,8,February 2017,Mount Elysium Revisited,Gil Williamson,./8issue19.htm
Issue 19 - February 2017,19,9,February 2017,Death plus One,Martin M. Clark,./9issue19.htm
Issue 19 - February 2017,19,10,February 2017,Field Support,Liam Baldwin,./10issue19.htm
Issue 20 - August 2017,20,1,August 2017,Editorial,Gil Williamson,./1issue20.htm
Issue 20 - August 2017,20,2,August 2017,Padratheleon's Ghosts,Les Sklaroff,./2issue20.htm
Issue 20 - August 2017,20,3,August 2017,The Drill Hall Incident,Gil Williamson,./3issue20.htm
Issue 20 - August 2017,20,4,August 2017,The Trumpets of Jericho,Martin M. Clark,./4issue20.htm
Issue 20 - August 2017,20,5,August 2017,To Erm is Human,Jez Patterson,./5issue20.htm
Issue 20 - August 2017,20,6,August 2017,Equus Magna,John A. Frochio,./6issue20.htm
Issue 20 - August 2017,20,7,August 2017,The Fountain of Youth,Steve Slavin,./7issue20.htm
Issue 20 - August 2017,20,8,August 2017,Sticky Dreams,Mary Hiers,./8issue20.htm
Issue 20 - August 2017,20,9,August 2017,"Uncle Glussog's Talent Parade, and Other Matters",Les Sklaroff,./9issue20.htm
Issue 20 - August 2017,20,10,August 2017,Lost City,D. S. White,./10issue20.htm
Issue 20 - August 2017,20,11,August 2017,The Aldous Effect,Martin M. Clark,./11issue20.htm
Issue 21 - February 2018,21,1,February 2018,Editorial,Gil Williamson,./1issue21.htm
Issue 21 - February 2018,21,2,February 2018,Maximum Law,Martin M. Clark,./2issue21.htm
Issue 21 - February 2018,21,3,February 2018,Commedia del'l Venezia,Gil Williamson,./3issue21.htm
Issue 21 - February 2018,21,4,February 2018,A Tale of Salt and Oak,Voss McVeigh,./4issue21.htm
Issue 21 - February 2018,21,5,February 2018,"Mirror, Mirror",Patrick Boylan,./5issue21.htm
Issue 21 - February 2018,21,6,February 2018,Are Friends Eclectic,Jez Patterson,./6issue21.htm
Issue 21 - February 2018,21,7,February 2018,Good Vibrations,Steve Slavin,./7issue21.htm
Issue 21 - February 2018,21,8,February 2018,Ilysveil: Twin Dawn Rising,J. H. Zech,./8issue21.htm
Issue 21 - February 2018,21,9,February 2018,Pranswat Passes Through,Les Sklaroff,./9issue21.htm
Issue 21 - February 2018,21,10,February 2018,Blood Poisoning,D. S. White,./10issue21.htm
Issue 21 - February 2018,21,11,February 2018,Eavesdropping at Quoils,Les Sklaroff,./11issue21.htm
Issue 21 - February 2018,21,12,February 2018,Of a Kind,Jez Patterson,./12issue21.htm
Issue 21 - February 2018,21,13,February 2018,Maximum Law - Christmas Party,Martin M. Clark,./13issue21.htm
Issue 21 - February 2018,21,14,February 2018,Christmas Carole,Martin M. Clark,./14issue21.htm
Issue 21 - February 2018,21,15,February 2018,Melkart The Herdsman,Mark Mellon,./15issue21.htm
Issue 22 - May 2018,22,1,May 2018,Editorial in memorium,Andrew Leon Hudson,./index-22/editorial.html
Issue 22 - May 2018,22,2,May 2018,Feeling the Heat,Les Sklaroff,./index-22/feeling-the-heat.html
Issue 22 - May 2018,22,3,May 2018,Snryl,Les Sklaroff,./index22/snyrl.html
Issue 22 - May 2018,22,4,May 2018,Behind My Eyes,Martin M. CLark,./index22/behind-my-eyes.html
Issue 22 - May 2018,22,5,May 2018,Henry,Jez Patterson,./index22/henry.html
Issue 22 - May 2018,22,6,May 2018,A Comic,Liam Baldwin,./index22/a-comic.html
Issue 22 - May 2018,22,7,May 2018,His Turn to Remember,John A. Frochio,./index22/his-turn-to-remember.html
Issue 22 - May 2018,22,8,May 2018,Ilysveil: Tigers Can Remember,J. H. Zech,./index22/ilysveil-tigers-can-remember.html
Issue 22 - May 2018,22,9,May 2018,The Parking Ticket,Steve Slavin,./index22/the-parking-ticket.html
Issue 22 - May 2018,22,10,May 2018,Good Old Days,Andrew Leon Hudson,./index22/good-old-days.html
